[{
        "name": "D1",
        "type": 1,
        "x": -11.0,
        "y": 11.0,
        "z": 0.0
    },
    {
        "name": "D2",
        "type": 1,
        "x": 11.0,
        "y": 11.0,
        "z": 0.0
    },
    {
        "name": "D3",
        "type": 1,
        "x": 11.0,
        "y": -11.0,
        "z": 0.0
    },
    {
        "name": "D4",
        "type": 1,
        "x": -11,
        "y": -11,
        "z": 0.0
    },
    {
        "name": "S0",
        "type": 2,
        "x": 5.3,
        "y": 1.8,
        "z": 0.0
    },
    {
        "name": "S1",
        "type": 2,
        "x": 5.3,
        "y": 0.6,
        "z": 0.0
    },
    {
        "name": "S2",
        "type": 2,
        "x": 5.3,
        "y": -0.6,
        "z": 0.0
    },
    {
        "name": "S3",
        "type": 2,
        "x": 5.3,
        "y": -1.8,
        "z": 0.0
    },
    {
        "name": "S4",
        "type": 2,
        "x": 0.1,
        "y": 1.8,
        "z": 0.0
    },
    {
        "name": "S5",
        "type": 2,
        "x": 0.1,
        "y": 0.6,
        "z": 0.0
    },
    {
        "name": "S6",
        "type": 2,
        "x": 0.1,
        "y": -0.6,
        "z": 0.0
    },
    {
        "name": "S7",
        "type": 2,
        "x": 0.1,
        "y": -1.8,
        "z": 0.0
    },
    {
        "name": "S8",
        "type": 2,
        "x": -5.3,
        "y": 1.8,
        "z": 0.0
    },
    {
        "name": "S9",
        "type": 2,
        "x": -5.3,
        "y": 0.6,
        "z": 0.0
    },
    {
        "name": "S10",
        "type": 2,
        "x": -5.3,
        "y": -0.6,
        "z": 0.0
    },
    {
        "name": "S11",
        "type": 2,
        "x": -5.3,
        "y": -1.8,
        "z": 0.0
    }

]
